<Ui xmlns="http://www.blizzard.com/wow/ui/" xmlns:xsi="http://www.w3.org/2001/XMLSchema-instance" xsi:schemaLocation="http://www.blizzard.com/wow/ui/
..\FrameXML\UI.xsd">
	<Script file="ATemplates.lua"/>

	<!--
		Self sizing button template
	-->
	<Button name="ATemplatesButton" inherits="UIPanelButtonTemplate2" virtual="true">
		<Size>
			<AbsDimension x="48" y="32"/>
		</Size>
		<Scripts>
			<OnLoad>
				this:SetWidth(this:GetTextWidth()+20)
			</OnLoad>
		</Scripts>
	</Button>

	<!-- A column header template -->
	<Button name="ATemplatesColumnHeaderTemplate" virtual="true">
		<Layers>
			<Layer level="BACKGROUND">
				<Texture name="$parentLeft" file="Interface\FriendsFrame\WhoFrame-ColumnTabs">
					<Size>
						<AbsDimension x="5" y="24"/>
					</Size>
					<Anchors>
						<Anchor point="TOPLEFT"/>
					</Anchors>
					<TexCoords left="0" right="0.078125" top="0" bottom="0.59375"/>
				</Texture>
				<Texture name="$parentRight" file="Interface\FriendsFrame\WhoFrame-ColumnTabs">
					<Size>
						<AbsDimension x="4" y="24"/>
					</Size>
					<Anchors>
						<Anchor point="TOPRIGHT"/>
					</Anchors>
					<TexCoords left="0.90625" right="0.96875" top="0" bottom="0.59375"/>
				</Texture>
				<Texture name="$parentMiddle" file="Interface\FriendsFrame\WhoFrame-ColumnTabs">
					<Size>
						<AbsDimension x="10" y="24"/>
					</Size>
					<Anchors>
						<Anchor point="LEFT" relativeTo="$parentLeft" relativePoint="RIGHT"/>
						<Anchor point="RIGHT" relativeTo="$parentRight" relativePoint="LEFT"/>
					</Anchors>
					<TexCoords left="0.078125" right="0.90625" top="0" bottom="0.59375"/>
				</Texture>
			</Layer>
		</Layers>
		<ButtonText name="$parentText">
			<Anchors>
				<Anchor point="LEFT">
					<Offset>
						<AbsDimension x="8" y="0"/>
					</Offset>
				</Anchor>
			</Anchors>
		</ButtonText>
		<NormalFont inherits="GameFontHighlightSmall"/>
		<HighlightTexture file="Interface\PaperDollInfoFrame\UI-Character-Tab-Highlight" alphaMode="ADD">
			<Size>
				<AbsDimension x="5" y="33"/>
			</Size>
			<Anchors>
				<Anchor point="LEFT">
					<Offset>
						<AbsDimension x="0" y="-2"/>
					</Offset>
				</Anchor>
				<Anchor point="RIGHT">
					<Offset>
						<AbsDimension x="0" y="-2"/>
					</Offset>
				</Anchor>
			</Anchors>
		</HighlightTexture>
	</Button>

	<!--
		A listing row
	-->
	<Button name="ATemplatesRowButton" virtual="true">
		<Scripts>
			<OnLoad>
				this:RegisterForClicks("LeftButtonUp", "RightButtonUp");
			</OnLoad>
		</Scripts>
		<HighlightTexture file="Interface\QuestFrame\UI-QuestTitleHighlight" alphaMode="ADD">
			<Size>
				<AbsDimension x="0" y="16"/>
			</Size>
			<Anchors>
				<Anchor point="TOP">
					<Offset>
						<AbsDimension x="5" y="-2"/>
					</Offset>
				</Anchor>
			</Anchors>
			<Scripts>
				<OnLoad>
					this:SetWidth(this:GetParent():GetWidth())
					this:SetHeight(this:GetParent():GetHeight())
				</OnLoad>
			</Scripts>
		</HighlightTexture>
	</Button>

	<!--
		PaperDollFrame template
	-->
	<Frame name="ATemplatesPaperDoll" toplevel="true" movable="true" enableMouse="true" hidden="true" parent="UIParent" virtual="true">
		<Size>
			<AbsDimension x="384" y="512"/>
		</Size>
		<Anchors>
			<Anchor point="TOP">
				<Offset>
					<AbsDimension x="0" y="-104"/>
				</Offset>
			</Anchor>
		</Anchors>
		<HitRectInsets>
			<AbsInset left="0" right="30" top="0" bottom="70"/>
		</HitRectInsets>
		<Layers>
			<Layer level="BACKGROUND">
				<Texture file="Interface\PetitionFrame\GuildCharter-Icon">
					<Size>
						<AbsDimension x="58" y="58"/>
					</Size>
					<Anchors>
						<Anchor point="TOPLEFT">
							<Offset>
								<AbsDimension x="10" y="-8"/>
							</Offset>
						</Anchor>
					</Anchors>
				</Texture>
			</Layer>
			<Layer level="ARTWORK">
				<Texture file="Interface\PaperDollInfoFrame\UI-Character-General-TopLeft">
					<Size>
						<AbsDimension x="256" y="256"/>
					</Size>
					<Anchors>
						<Anchor point="TOPLEFT"/>
					</Anchors>
				</Texture>
				<Texture file="Interface\PaperDollInfoFrame\UI-Character-General-TopRight">
					<Size>
						<AbsDimension x="128" y="256"/>
					</Size>
					<Anchors>
						<Anchor point="TOPRIGHT"/>
					</Anchors>
				</Texture>
				<Texture file="Interface\PaperDollInfoFrame\UI-Character-General-BottomLeft">
					<Size>
						<AbsDimension x="256" y="256"/>
					</Size>
					<Anchors>
						<Anchor point="BOTTOMLEFT"/>
					</Anchors>
				</Texture>
				<Texture file="Interface\PaperDollInfoFrame\UI-Character-General-BottomRight">
					<Size>
						<AbsDimension x="128" y="256"/>
					</Size>
					<Anchors>
						<Anchor point="BOTTOMRIGHT"/>
					</Anchors>
				</Texture>
				<FontString name="$parentTitleText" inherits="GameFontNormal" text="">
					<Anchors>
						<Anchor point="CENTER">
							<Offset>
								<AbsDimension x="6" y="230"/>
							</Offset>
						</Anchor>
					</Anchors>
				</FontString>
				<FontString name="$parentPageText" inherits="GameFontNormal">
					<Size>
						<AbsDimension x="102" y="0"/>
					</Size>
					<Anchors>
						<Anchor point="BOTTOM">
							<Offset>
								<AbsDimension x="-14" y="96"/>
							</Offset>
						</Anchor>
					</Anchors>
				</FontString>
			</Layer>
		</Layers>
		<Frames>
			<Button name="$parentCloseButton" inherits="UIPanelCloseButton">
				<Anchors>
					<Anchor point="TOPRIGHT">
						<Offset>
							<AbsDimension x="-30" y="-8"/>
						</Offset>
					</Anchor>
				</Anchors>
			</Button>
		</Frames>
	</Frame>

	<!--
		Tab template
	-->
	<Button name="ATemplatesTabButton" inherits="CharacterFrameTabButtonTemplate" virtual="true">
		<Scripts>
			<OnClick>
				ATemplates_SetTab(this:GetParent(), this:GetID())
			</OnClick>
		</Scripts>
	</Button>

	<!--
		Tab page template
	-->
	<Frame name="ATemplatesTabPage" hidden="true" virtual="true">
		<Anchors>
			<Anchor point="TOPLEFT"/>
			<Anchor point="BOTTOMRIGHT"/>
		</Anchors>
	</Frame>

	<!--
		Status bar template
	-->
	<StatusBar name="ATemplatesBar" virtual="true">
		<Layers>
			<Layer level="ARTWORK">
				<FontString name="$parentText" inherits="GameFontNormalSmall">
					<Anchors>
						<Anchor point="CENTER"/>
					</Anchors>
					<Color r="1.0" g="1.0" b="1.0"/>
				</FontString>
			</Layer>
			<Layer level="BORDER">
				<Texture name="$parentFillBar">
					<Scripts>
						<OnLoad>
							this:SetWidth(this:GetParent():GetWidth())
							this:SetHeight(this:GetParent():GetHeight())
						</OnLoad>
					</Scripts>
					<Color r="1.0" g="1.0" b="1.0" a="0.2"/>
				</Texture>
			</Layer>
			<Layer level="BACKGROUND">
				<Texture name="$parentBackground">
					<Color r="1.0" g="1.0" b="1.0" a="0.1"/>
				</Texture>
			</Layer>
		</Layers>
		<Frames>
			<Button name="$parentButton">
				<Anchors>
					<Anchor point="LEFT">
						<Offset>
							<AbsDimension x="-5" y="0"/>
						</Offset>
					</Anchor>
					<Anchor point="RIGHT">
						<Offset>
							<AbsDimension x="5" y="0"/>
						</Offset>
					</Anchor>
				</Anchors>
				<HitRectInsets>
					<AbsInset left="0" right="0" top="7" bottom="7"/>
				</HitRectInsets>
				<NormalTexture name="$parentNormal" file="Interface\PaperDollInfoFrame\UI-Character-Skills-BarBorder"/>
				<HighlightTexture name="$parentHighlight" file="Interface\PaperDollInfoFrame\UI-Character-Skills-BarBorderHighlight"/>
				<Scripts>
					<OnLoad>
						this:SetWidth(this:GetParent():GetWidth())
						this:SetHeight(this:GetParent():GetHeight()*2)
					</OnLoad>
				</Scripts>
			</Button>
		</Frames>
		<BarTexture name="$parentBar" file="Interface\PaperDollInfoFrame\UI-Character-Skills-Bar"/>
		<BarColor r="0.25" g="0.25" b="0.75"/>
	</StatusBar>
</Ui>
